order	title	page_id	status
1	01. Quá khứ đơn	357df50b-1fcd-815d-8d93-d764afaeb1ef	DONE
2	02. Hiện tại đơn	357df50b-1fcd-813b-a487-e193fde78544	DONE
3	03. Tương lai với will	357df50b-1fcd-811b-a130-e48c812c2442	DONE
4	04. Hiện tại hoàn thành	357df50b-1fcd-8110-a051-c3b6835af7d5	DONE
5	05. Trạng từ	357df50b-1fcd-813b-bfce-e7beeaa26b68	DONE
6	06. Tính từ	357df50b-1fcd-81f2-b583-e256fd12a0ef	DONE
7	07. Liên từ	357df50b-1fcd-8163-8348-eb760e87e7c3	DONE
8	08. Giới từ	357df50b-1fcd-81f5-935c-e90c583b3dc6	DONE
9	09. Hòa hợp chủ-vị cơ bản	357df50b-1fcd-8182-9773-e82271b2e527	DONE
10	10. Either/Neither trong hòa hợp chủ-vị	357df50b-1fcd-81a4-87f9-cd2ac539a1cf	DONE
11	11. Danh từ tập hợp	357df50b-1fcd-8186-9680-fd039f8bb64c	DONE
12	12. Động từ nguyên mẫu có to	357df50b-1fcd-81a0-8ba6-d4a53e86b254	DONE
13	13. Danh động từ	357df50b-1fcd-8177-8e4f-c3ad2a79289e	DONE
14	14. Danh động từ và nguyên mẫu có to	357df50b-1fcd-814b-bf2f-cf414c432548	DONE
15	15. Can và Could	357df50b-1fcd-81a5-ab1d-e1e223fc0155	DONE
16	16. Should và Ought to	357df50b-1fcd-81d1-ad02-c4816dd38290	DONE
17	17. Must và Have to	357df50b-1fcd-81a0-89d9-f61f4159443d	DONE
18	18. Câu bị động cơ bản	357df50b-1fcd-8158-994e-e6f12376655a	DONE
19	19. Câu bị động với modal	357df50b-1fcd-8123-8d15-ea6f3fa477c1	DONE
20	20. Câu bị động hoàn thành	357df50b-1fcd-8150-bef7-e365f7cdfda8	DONE
21	21. Mệnh đề quan hệ không xác định	357df50b-1fcd-81b9-bb3b-ec34c9aa2135	DONE
22	22. Mệnh đề quan hệ xác định	357df50b-1fcd-8149-87f8-d35e544284f5	DONE
23	23. Mệnh đề nhượng bộ	357df50b-1fcd-819c-9c36-dbd484c84c4f	DONE
24	24. Mệnh đề trạng ngữ chỉ thời gian	357df50b-1fcd-8193-abf6-e06c53c267c0	DONE
25	25. Câu điều kiện loại 1	357df50b-1fcd-81be-b66a-c5cc94d1da05	DONE
26	26. Câu điều kiện loại 0	357df50b-1fcd-8198-b4a0-dd8f94f36e86	DONE
27	27. Câu điều kiện loại 2	357df50b-1fcd-819b-b40d-c42ca637c003	DONE
28	28. Câu điều kiện loại 3	357df50b-1fcd-8129-9d7c-cac56ae7aefe	DONE
29	29. Câu hỏi gián tiếp	357df50b-1fcd-81a0-946e-fcb1bc148fc8	DONE
30	30. Câu tường thuật	357df50b-1fcd-8110-b5e4-cdc1eb049576	DONE
31	31. So sánh nhất	357df50b-1fcd-81af-bc88-ed5f3aaca762	DONE
32	32. So sánh hơn	357df50b-1fcd-8176-b0e3-e07d51f560eb	DONE
33	33. So sánh ngang bằng	357df50b-1fcd-81d9-a483-fcb133abd6b1	DONE
34	34. Đảo ngữ điều kiện	357df50b-1fcd-8179-9139-ee10814f7954	DONE
35	35. Đảo ngữ phủ định	357df50b-1fcd-81c5-9576-c7ebf2eb919b	DONE
