page,images_on_page,largest_width_ratio,largest_height_ratio,largest_area_ratio,center_dx_ratio,center_dy_ratio,img_px_w,img_px_h,ppi_min_est,flag_too_small,flag_not_centered,flag_low_clarity,capture
19,1,0.5638,0.0367,0.0207,0.099,0.2814,4199,387,900.8,1,1,0,page-019.png
24,1,0.2432,0.8316,0.2022,0.2594,0.0,281,1359,139.8,1,1,0,page-024.png
25,1,0.5638,0.6007,0.3387,0.099,0.0303,1229,1852,263.7,1,1,0,page-025.png
26,1,0.5638,0.1052,0.0593,0.099,0.1425,1524,402,326.9,1,1,0,page-026.png
29,1,0.4405,0.8317,0.3663,0.1607,0.0,361,964,99.1,1,1,1,page-029.png
35,1,0.5638,0.1925,0.1085,0.099,0.2806,1711,826,367.1,1,1,0,page-035.png
40,2,0.5638,0.1103,0.0622,0.099,0.0876,3948,1092,846.9,1,1,0,page-040.png
46,1,0.5638,0.3487,0.1966,0.099,0.1455,830,726,178.1,1,1,0,page-046.png
48,2,0.5638,0.3671,0.207,0.099,0.177,1794,1652,384.9,1,1,0,page-048.png
49,2,0.5638,0.0688,0.0388,0.099,0.0979,6678,1152,1432.6,1,1,0,page-049.png
56,1,0.2679,0.8316,0.2228,0.247,0.0,384,1686,173.4,1,1,0,page-056.png
57,1,0.5638,0.1403,0.0791,0.099,0.1657,2605,917,558.8,1,1,0,page-057.png
58,1,0.5638,0.1197,0.0675,0.099,0.1743,1929,579,413.8,1,1,0,page-058.png
60,1,0.5638,0.3686,0.2078,0.099,0.2315,1220,1128,261.7,1,1,0,page-060.png
62,1,0.5638,0.4866,0.2743,0.099,0.0553,830,1013,178.1,1,1,0,page-062.png
64,1,0.5638,0.1457,0.0821,0.099,0.343,2140,782,459.1,1,1,0,page-064.png
68,1,0.348,0.8316,0.2894,0.207,0.0,416,1406,144.6,1,1,0,page-068.png
73,2,0.5638,0.5606,0.3161,0.099,0.1355,1361,1914,292.0,1,1,0,page-073.png
77,1,0.5638,0.2442,0.1377,0.099,0.0672,1724,1056,369.8,1,1,0,page-077.png
79,1,0.5638,0.5877,0.3314,0.099,0.122,662,976,142.0,1,1,0,page-079.png
82,1,0.5638,0.1466,0.0827,0.099,0.2811,2390,879,512.7,1,1,0,page-082.png
87,2,0.5638,0.2782,0.1568,0.099,0.2767,685,478,146.9,1,1,0,page-087.png
88,2,0.5638,0.3126,0.1763,0.099,0.222,1478,1159,317.1,1,1,0,page-088.png
90,1,0.5638,0.69,0.389,0.099,0.0708,895,1549,192.0,1,1,0,page-090.png
91,2,0.5638,0.1286,0.0725,0.099,0.1393,2300,742,493.4,1,1,0,page-091.png
93,1,0.5638,0.6052,0.3412,0.099,0.1132,967,1468,207.4,1,1,0,page-093.png
94,1,0.5638,0.1942,0.1095,0.099,0.1284,1523,742,326.7,1,1,0,page-094.png
95,1,0.5638,0.2478,0.1397,0.099,0.2919,830,516,178.1,1,1,0,page-095.png
96,1,0.5638,0.0887,0.05,0.099,0.2514,2624,584,562.9,1,1,0,page-096.png
97,2,0.5638,0.1103,0.0622,0.099,0.0316,3948,1092,846.9,1,1,0,page-097.png
98,1,0.5638,0.5529,0.3118,0.099,0.0935,770,1068,165.2,1,1,0,page-098.png
99,1,0.5638,0.5529,0.3118,0.099,0.1393,770,1068,165.2,1,1,0,page-099.png
100,2,0.5638,0.3031,0.1709,0.099,0.1344,1085,825,232.8,1,1,0,page-100.png
102,1,0.5638,0.3446,0.1943,0.099,0.1881,1298,1122,278.5,1,1,0,page-102.png
103,2,0.5638,0.6472,0.3649,0.099,0.0922,749,1216,160.7,1,1,0,page-103.png
104,2,0.5638,0.0795,0.0448,0.099,0.1153,2116,422,453.9,1,1,0,page-104.png
106,1,0.5638,0.6472,0.3649,0.099,0.0922,749,1216,160.7,1,1,0,page-106.png
107,1,0.1641,0.8316,0.1364,0.2989,0.0,267,1914,196.8,1,1,0,page-107.png
108,1,0.5638,0.155,0.0874,0.099,0.1621,3133,1218,672.1,1,1,0,page-108.png
111,2,0.5638,0.1032,0.0582,0.099,0.0377,4040,1046,866.7,1,1,0,page-111.png
113,1,0.3671,0.8316,0.3053,0.1974,0.0,388,1243,127.8,1,1,0,page-113.png
114,1,0.5638,0.2901,0.1636,0.099,0.0689,1172,853,251.4,1,1,0,page-114.png
115,1,0.5638,0.0128,0.0072,0.099,0.338,3086,99,662.0,1,1,0,page-115.png
126,1,0.4413,0.8317,0.367,0.1603,0.0,759,2023,208.0,1,1,0,page-126.png
131,1,0.5638,0.7662,0.432,0.1212,0.0327,885,1701,189.9,1,1,0,page-131.png
133,1,0.5638,0.5606,0.3161,0.099,0.1355,1361,1914,292.0,1,1,0,page-133.png
135,1,0.5638,0.2857,0.1611,0.099,0.273,808,579,173.3,1,1,0,page-135.png
138,1,0.5638,0.1206,0.068,0.099,0.2511,2390,723,512.7,1,1,0,page-138.png
143,1,0.5638,0.2641,0.1489,0.099,0.1799,625,414,134.1,1,1,0,page-143.png
148,1,0.5638,0.3294,0.1857,0.099,0.0802,443,366,95.0,1,1,1,page-148.png
149,1,0.5638,0.3126,0.1763,0.099,0.2595,1478,1159,317.1,1,1,0,page-149.png
150,1,0.5638,0.69,0.389,0.099,0.0708,895,1549,192.0,1,1,0,page-150.png
151,1,0.5638,0.6052,0.3412,0.099,0.1132,967,1468,207.4,1,1,0,page-151.png
152,1,0.5638,0.6287,0.3545,0.099,0.1015,948,1495,203.4,1,1,0,page-152.png
155,2,0.5638,0.1587,0.0895,0.099,0.1045,1872,745,401.6,1,1,0,page-155.png
159,1,0.5638,0.3201,0.1805,0.099,0.2168,1330,1068,285.3,1,1,0,page-159.png
160,1,0.5638,0.739,0.4166,0.099,0.0463,656,1216,140.7,1,1,0,page-160.png
161,1,0.5638,0.0657,0.0371,0.099,0.0141,2560,422,549.2,1,1,0,page-161.png
162,1,0.5638,0.2848,0.1605,0.099,0.0389,700,500,150.2,1,1,0,page-162.png
163,1,0.5638,0.2848,0.1605,0.099,0.0103,700,500,150.2,1,1,0,page-163.png
164,1,0.5638,0.2848,0.1605,0.099,0.0013,700,500,150.2,1,1,0,page-164.png
166,1,0.5638,0.2848,0.1605,0.099,0.0552,700,500,150.2,1,1,0,page-166.png
167,1,0.5638,0.2848,0.1605,0.099,0.1868,700,500,150.2,1,1,0,page-167.png
169,1,0.5638,0.2848,0.1605,0.099,0.2734,700,500,150.2,1,1,0,page-169.png
172,1,0.5638,0.2848,0.1605,0.099,0.2734,700,500,150.2,1,1,0,page-172.png
173,1,0.5638,0.2848,0.1605,0.099,0.0928,700,500,150.2,1,1,0,page-173.png
174,1,0.5638,0.2848,0.1605,0.099,0.128,700,500,150.2,1,1,0,page-174.png
175,1,0.5638,0.2848,0.1605,0.099,0.25,700,500,150.2,1,1,0,page-175.png
177,1,0.5638,0.6052,0.3412,0.099,0.1132,967,1468,207.4,1,1,0,page-177.png
178,1,0.5638,0.2189,0.1234,0.099,0.3064,1357,745,291.1,1,1,0,page-178.png
179,1,0.5638,0.7198,0.4058,0.099,0.0559,658,1188,141.2,1,1,0,page-179.png
180,1,0.5638,0.0346,0.0195,0.099,0.1609,2635,229,565.3,1,1,0,page-180.png
181,1,0.2912,0.8316,0.2422,0.2354,0.0,384,1551,159.5,1,1,0,page-181.png
184,1,0.5638,0.0849,0.0479,0.099,0.2541,512,109,109.8,1,1,1,page-184.png
217,1,0.5638,0.0488,0.0275,0.099,0.2937,2384,292,511.4,1,1,0,page-217.png
